insurer,hospital_name
TATA AIG,Sammohini Clinicnan
TATA AIG,Elite Dental Clinic
TATA AIG,Dr.Mathesul Dental & Orthodontic Braces Center
TATA AIG,Women's Clinic
TATA AIG,HealthBay Clinic
Care Health,Sangam Hospital
Care Health,Specialty Eye Clinics
Care Health,Madhukar General Hospital
Care Health,Kelkar Hospitalnan
Care Health,Dental Hub - Orthodontic Dental Clinic Baner Pune
HDFC ERGO,Aliance Munot Hospital
HDFC ERGO,Nadkarni Clinic
HDFC ERGO,Alatkar Hospital
HDFC ERGO,Chandrama Clinicnan
Aditya Birla,"Sunshine Physiotherapy Clinic ,Pune"
Aditya Birla,Panse Hospital
Aditya Birla,Sancheti Hospital
